{
  "timestamp": "2026-01-22T07:39:42.034848+00:00",
  "hardware": "NVIDIA RTX 3050 6GB",
  "total_images": 22,
  "perception": {
    "avg_latency_ms": 63.47579091115304,
    "avg_fps": 37.227763712825485,
    "total_detections": 21,
    "avg_confidence": 0.5182756696428571
  },
  "ingestion": {
    "events_stored": 22,
    "avg_latency_ms": 1.9223636349620805
  },
  "cognition": {
    "summaries_generated": 0,
    "avg_latency_ms": 0,
    "success_rate": 0
  },
  "ai_detection": {
    "total_analyzed": 22,
    "ai_generated_count": 0,
    "original_count": 22,
    "ai_generated_pct": 0.0,
    "avg_latency_ms": 662.2065045428991
  },
  "end_to_end": {
    "avg_latency_ms": 776.1601636342344,
    "success_rate": 1.0,
    "workflow_trigger_accuracy": 0.5454545454545454,
    "manual_effort_reduction_pct": 97.41279945455256
  }
}